Oliver,Olivia ,Chongqing
William,Amelia,Shanghai
Jack,Charlotte,Delhi
Noah,Isla,Beijing
Thomas,Isabelle,Mumbai
Lucas,Ava,Lagos
James,Aurora,Karachi
Ethan,Evelyn,Dhaka
Alexander,Penelope,Guangzhou
Liam,Eleanor,Istanbul
Lachlan,Arabella,Tokyo
Harrison,Rose,Bengaluru
Mason,Cora,Moscow
Samuel,Amara,São Paulo
Max,Ophelia,Lahore
Cooper,Violet,Cairo
Charlie,Luna,Kinshasa
Jacob,Elizabeth,Jakarta
Henry,Hazel,New York City
Hunter,Esme,Seoul
Joshua,Maeve,Wenzhou
Isaac,Adeline,Mexico City
Benjamin,Alice,Lima
Xavier,Thea,London
Oscar,Lucy,Xi'an
Harry,Audrey,Hyderabad
Levi,Genevieve,Chennai
Ryan,Imogen,Ahmedabad
Jackson,Emma,Shenzhen
Elijah,Nora,Bangkok
Hudson,Claire,Vadodara
Leo,Sadie,Suzhou
Daniel,Mia,Nanjing
Archie,Ivy,Dongguan
Riley,Scarlett,Tehran
Logan,Aurelia,Quanzhou
Sebastian,Jane,Shenyang
Jayden,Eloise,Bogotá
Jaxon,Lydia,Ho Chi Minh City
Patrick,Iris,Hong Kong
Archer,Emilia,Baghdad
Tyler,Elise,Fuzhou
George,Evangeline,Changsha
Nate,Lila,Wuhan
Flynn,Caroline,Tianjin
Blake,Stella,Hanoi
Aiden,Julia,Rio de Janeiro
Edward,Anna,Qingdao
Lincoln,Chloe,Foshan
Eli,Astrid,Zunyi
Michael,Isabel,Santiago
Matthew,Aria,Riyadh
Jake,Clara,Singapore
Jordan,Adelaide,Shantou
Dylan,Ada,Ankara
Zachary,Matilda,Yangon
Chase,Sienna,Saint Petersburg
Luke,Ella,Casablanca
Kai,Eliza,Abidjan
Luca,Josephine,Chengdu
Austin,Phoebe,Alexandria
Connor,Beatrice,Kolkata
Finn,Mae,Surat
Hugo,Elodie,Johannesburg
Ashton,Mila,Dar es Salaam
Joseph,Hannah,Shijiazhuang
Nicholas,Maisie,Harbin
Hayden,Zoe,Giza
Caleb,Grace,?zmir
Angus,Willow,Zhengzhou
Ryder,Seraphina,New Taipei City
Louis,Naomi,Los Angeles
Jasper,Celeste,Changchun
Hamish,Ellie,Cape Town
Nathan,Poppy,Yokohama
Toby,Sophia,Khartoum
Bailey,Gemma,Guayaquil
Adam,Khaleesi,Hangzhou
Braxton,Emily,Xiamen
Owen,Freya,Berlin
Beau,Jade,Busan
Charles,Madeline,Ningbo
Marcus,Molly,Jeddah
Mitchell,Elsie,Durban
Harvey,Maya,Algiers
Christian,Margaret,Kabul
Gabriel,Zara,Hefei
Ali,Daisy,Mashhad
Felix,Rebecca,Pyongyang
Dominic,Willa,Madrid
Muhammad,Eliana,Faisalabad
David,Juliet,Baku
Aaron,Ines,Tangshan
John,Evie,Ekurhuleni
Theodore,Abigail,Nairobi
Phoenix,Fiona,Zhongshan
Maxwell,Saskia,Pune
Anthony,Annabelle,Addis Ababa
Carter,Alexandra,Jaipur
Alex,Mabel,Buenos Aires
